{"cameraMode":{"drawMode":0,"name":"Shaded","section":"Shading Mode"},"sceneLighting":true,"audioPlay":false,"sceneViewState":{"m_AlwaysRefresh":false,"showFog":true,"showSkybox":true,"showFlares":true,"showImageEffects":true,"showParticleSystems":true,"showVisualEffectGraphs":true,"m_FxEnabled":true},"in2DMode":false,"pivot":{"x":3.828335762023926,"y":-2.4965102672576906,"z":-25.677444458007814},"rotation":{"x":-0.003719337983056903,"y":0.995720386505127,"z":-0.08113732933998108,"w":-0.04508541151881218},"size":15.940686225891114,"orthographic":false}